{
  "evaluated_images": 1158,
  "detection": {
    "precision_at_iou_0_5": 5.4597073596855206e-05,
    "recall_at_iou_0_5": 0.0005271481286241434,
    "ap50": 4.203565476848159e-08,
    "ap_50_to_95": 5.254456846060199e-09,
    "ap_by_iou": {
      "0.50": 4.203565476848159e-08,
      "0.55": 1.0508913692120397e-08,
      "0.60": 0.0,
      "0.65": 0.0,
      "0.70": 0.0,
      "0.75": 0.0,
      "0.80": 0.0,
      "0.85": 0.0,
      "0.90": 0.0,
      "0.95": 0.0
    },
    "true_positive": 2,
    "false_positive": 36630,
    "false_negative": 3792,
    "centre_window_baseline": {
      "precision_at_iou_0_5": 0.0002158894645941278,
      "recall_at_iou_0_5": 0.0002635740643120717
    }
  },
  "segmentation": {
    "mean_iou": 0.0,
    "mean_dice": 0.0,
    "bbox_mask_baseline_mean_iou": 0.5344190123601888,
    "matched_masks": 2
  },
  "recognition": {
    "collared_top": {
      "f1": 0.24083769633507854,
      "balanced_accuracy": 0.5410714285714286,
      "pr_auc": 0.15448292737821892,
      "coverage": 0.9956822107081175,
      "majority_baseline_f1": 0.0,
      "hog_only_baseline_f1": 0.22195416164053075
    },
    "allowed_sleeve": {
      "f1": 0.7064803049555273,
      "balanced_accuracy": 0.5472051940684243,
      "pr_auc": 0.6718367644030396,
      "coverage": 0.9956822107081175,
      "majority_baseline_f1": 0.7621592731159808,
      "hog_only_baseline_f1": 0.6984894259818731
    },
    "casual_round_neck_top": {
      "f1": 0.36460176991150445,
      "balanced_accuracy": 0.4976718828874306,
      "pr_auc": 0.2480753384271111,
      "coverage": 0.9956822107081175,
      "majority_baseline_f1": 0.0,
      "hog_only_baseline_f1": 0.37355371900826445
    },
    "revealing_top": {
      "f1": 0.3648548026805659,
      "balanced_accuracy": 0.5099500339009402,
      "pr_auc": 0.22799498392205256,
      "coverage": 0.9956822107081175,
      "majority_baseline_f1": 0.0,
      "hog_only_baseline_f1": 0.36034732272069464
    },
    "formal_bottom_candidate": {
      "f1": 0.1615598885793872,
      "balanced_accuracy": 0.48646593809189287,
      "pr_auc": 0.09038311298216622,
      "coverage": 0.9853195164075993,
      "majority_baseline_f1": 0.0,
      "hog_only_baseline_f1": 0.16040955631399317
    },
    "casual_or_tight_bottom": {
      "f1": 0.22862286228622863,
      "balanced_accuracy": 0.486458156269477,
      "pr_auc": 0.13570924080373079,
      "coverage": 0.9853195164075993,
      "majority_baseline_f1": 0.0,
      "hog_only_baseline_f1": 0.2419984387197502
    },
    "damaged_bottom": {
      "f1": 0.04938271604938271,
      "balanced_accuracy": 0.5203665172855314,
      "pr_auc": 0.020352821266143475,
      "coverage": 0.9853195164075993,
      "majority_baseline_f1": 0.0,
      "hog_only_baseline_f1": 0.047619047619047616
    },
    "leisurewear": {
      "f1": 0.007905138339920948,
      "balanced_accuracy": 0.423066783831283,
      "pr_auc": 0.01591238452354974,
      "coverage": 0.9853195164075993,
      "majority_baseline_f1": 0.0,
      "hog_only_baseline_f1": 0.016129032258064516
    },
    "footwear_present": {
      "f1": 0.0,
      "balanced_accuracy": 0.5,
      "pr_auc": 0.694300518134715,
      "coverage": 0.0,
      "majority_baseline_f1": 0.0,
      "hog_only_baseline_f1": 0.0
    },
    "headwear_present": {
      "f1": 0.0,
      "balanced_accuracy": 0.5,
      "pr_auc": 0.06390328151986183,
      "coverage": 0.0,
      "majority_baseline_f1": 0.0,
      "hog_only_baseline_f1": 0.0
    }
  },
  "recognition_summary": {
    "macro_f1": 0.21242451791375955,
    "macro_balanced_accuracy": 0.5012255934906408,
    "macro_pr_auc": 0.23229513733605894
  },
  "compliance": {
    "macro_f1_all": 0.23514067449226758,
    "balanced_accuracy_all": 0.3333333333333333,
    "review_rate": 0.0,
    "decided_coverage": 1.0,
    "decided_case_macro_f1": 0.23514067449226758,
    "decided_case_accuracy": 0.5449050086355786,
    "reason_exact_match": 0.0008635578583765112,
    "confusion_matrix_labels": [
      "compliant",
      "non_compliant",
      "review_required"
    ],
    "confusion_matrix": [
      [
        0,
        22,
        0
      ],
      [
        0,
        631,
        0
      ],
      [
        0,
        505,
        0
      ]
    ]
  }
}
